{
  "mean_reward": -0.3890727946612764,
  "std_reward": 0.0,
  "mean_length": 214.0,
  "std_length": 0.0,
  "min_reward": -0.3890727946612764,
  "max_reward": -0.3890727946612764
}